Workbook

Sheet Summary
A1: CMIP6 Manual Relationship Labels
A2: 人工判断优先；算法输出不自动写入人工标签。所有矩阵均为 5 个模型 × 6 个区域。
A4: 标签 | B4: 含义 | D4: 响应形态标签 | E4: 含义
A5: Branch | B5: 明确分支 | D5: Linear | E5: 近似线性响应
A6: Candidate | B6: 局部分支或较弱证据 | D6: Acceleration | E6: 加速响应
A7: Uncertain | B7: 存在冲突或尚未最终确认 | D7: Saturation | E7: 饱和响应
A8: No branch | B8: 明确不是分支
A9: 待标注 | B9: 尚无人工判断
A12: Worksheet | B12: Pair | C12: Version | D12: Annotated | E12: Branch | F12: Candidate | G12: Linear | H12: Acceleration | I12: Saturation | J12: Uncertain | K12: No branch | L12: 待标注
A13: P_Q_TRIM | B13: P → Q | C13: TRIMMED | D13: =30-COUNTIF(P_Q_TRIM!B5:G9,"待标注") -> 30 | E13: =COUNTIF(P_Q_TRIM!B5:G9,"Branch") -> 3 | F13: =COUNTIF(P_Q_TRIM!B5:G9,"Candidate") -> 0 | G13: =COUNTIF(P_Q_TRIM!B5:G9,"Linear") -> 0 | H13: =COUNTIF(P_Q_TRIM!B5:G9,"Acceleration") -> 0 | I13: =COUNTIF(P_Q_TRIM!B5:G9,"Saturation") -> 0 | J13: =COUNTIF(P_Q_TRIM!B5:G9,"Uncertain") -> 3 | K13: =COUNTIF(P_Q_TRIM!B5:G9,"No branch") -> 24 | L13: =COUNTIF(P_Q_TRIM!B5:G9,"待标注") -> 0
A14: P_Q_RAW | B14: P → Q | C14: RAW | D14: =30-COUNTIF(P_Q_RAW!B5:G9,"待标注") -> 3 | E14: =COUNTIF(P_Q_RAW!B5:G9,"Branch") -> 2 | F14: =COUNTIF(P_Q_RAW!B5:G9,"Candidate") -> 0 | G14: =COUNTIF(P_Q_RAW!B5:G9,"Linear") -> 0 | H14: =COUNTIF(P_Q_RAW!B5:G9,"Acceleration") -> 0 | I14: =COUNTIF(P_Q_RAW!B5:G9,"Saturation") -> 0 | J14: =COUNTIF(P_Q_RAW!B5:G9,"Uncertain") -> 0 | K14: =COUNTIF(P_Q_RAW!B5:G9,"No branch") -> 1 | L14: =COUNTIF(P_Q_RAW!B5:G9,"待标注") -> 27
A15: ET_Q_RAW | B15: ET → Q | C15: RAW | D15: =30-COUNTIF(ET_Q_RAW!B5:G9,"待标注") -> 1 | E15: =COUNTIF(ET_Q_RAW!B5:G9,"Branch") -> 0 | F15: =COUNTIF(ET_Q_RAW!B5:G9,"Candidate") -> 0 | G15: =COUNTIF(ET_Q_RAW!B5:G9,"Linear") -> 0 | H15: =COUNTIF(ET_Q_RAW!B5:G9,"Acceleration") -> 0 | I15: =COUNTIF(ET_Q_RAW!B5:G9,"Saturation") -> 0 | J15: =COUNTIF(ET_Q_RAW!B5:G9,"Uncertain") -> 0 | K15: =COUNTIF(ET_Q_RAW!B5:G9,"No branch") -> 1 | L15: =COUNTIF(ET_Q_RAW!B5:G9,"待标注") -> 29
A16: RSDS_Q_RAW | B16: rsds → Q | C16: RAW | D16: =30-COUNTIF(RSDS_Q_RAW!B5:G9,"待标注") -> 1 | E16: =COUNTIF(RSDS_Q_RAW!B5:G9,"Branch") -> 0 | F16: =COUNTIF(RSDS_Q_RAW!B5:G9,"Candidate") -> 0 | G16: =COUNTIF(RSDS_Q_RAW!B5:G9,"Linear") -> 0 | H16: =COUNTIF(RSDS_Q_RAW!B5:G9,"Acceleration") -> 0 | I16: =COUNTIF(RSDS_Q_RAW!B5:G9,"Saturation") -> 0 | J16: =COUNTIF(RSDS_Q_RAW!B5:G9,"Uncertain") -> 0 | K16: =COUNTIF(RSDS_Q_RAW!B5:G9,"No branch") -> 1 | L16: =COUNTIF(RSDS_Q_RAW!B5:G9,"待标注") -> 29
A17: RLDS_Q_RAW | B17: rlds → Q | C17: RAW | D17: =30-COUNTIF(RLDS_Q_RAW!B5:G9,"待标注") -> 1 | E17: =COUNTIF(RLDS_Q_RAW!B5:G9,"Branch") -> 0 | F17: =COUNTIF(RLDS_Q_RAW!B5:G9,"Candidate") -> 0 | G17: =COUNTIF(RLDS_Q_RAW!B5:G9,"Linear") -> 0 | H17: =COUNTIF(RLDS_Q_RAW!B5:G9,"Acceleration") -> 0 | I17: =COUNTIF(RLDS_Q_RAW!B5:G9,"Saturation") -> 0 | J17: =COUNTIF(RLDS_Q_RAW!B5:G9,"Uncertain") -> 0 | K17: =COUNTIF(RLDS_Q_RAW!B5:G9,"No branch") -> 1 | L17: =COUNTIF(RLDS_Q_RAW!B5:G9,"待标注") -> 29
A18: HFLS_Q_RAW | B18: hfls → Q | C18: RAW | D18: =30-COUNTIF(HFLS_Q_RAW!B5:G9,"待标注") -> 1 | E18: =COUNTIF(HFLS_Q_RAW!B5:G9,"Branch") -> 0 | F18: =COUNTIF(HFLS_Q_RAW!B5:G9,"Candidate") -> 0 | G18: =COUNTIF(HFLS_Q_RAW!B5:G9,"Linear") -> 0 | H18: =COUNTIF(HFLS_Q_RAW!B5:G9,"Acceleration") -> 0 | I18: =COUNTIF(HFLS_Q_RAW!B5:G9,"Saturation") -> 0 | J18: =COUNTIF(HFLS_Q_RAW!B5:G9,"Uncertain") -> 0 | K18: =COUNTIF(HFLS_Q_RAW!B5:G9,"No branch") -> 1 | L18: =COUNTIF(HFLS_Q_RAW!B5:G9,"待标注") -> 29
A19: HFSS_Q_RAW | B19: hfss → Q | C19: RAW | D19: =30-COUNTIF(HFSS_Q_RAW!B5:G9,"待标注") -> 1 | E19: =COUNTIF(HFSS_Q_RAW!B5:G9,"Branch") -> 0 | F19: =COUNTIF(HFSS_Q_RAW!B5:G9,"Candidate") -> 0 | G19: =COUNTIF(HFSS_Q_RAW!B5:G9,"Linear") -> 0 | H19: =COUNTIF(HFSS_Q_RAW!B5:G9,"Acceleration") -> 0 | I19: =COUNTIF(HFSS_Q_RAW!B5:G9,"Saturation") -> 0 | J19: =COUNTIF(HFSS_Q_RAW!B5:G9,"Uncertain") -> 0 | K19: =COUNTIF(HFSS_Q_RAW!B5:G9,"No branch") -> 1 | L19: =COUNTIF(HFSS_Q_RAW!B5:G9,"待标注") -> 29
A20: HFSS_Q_TRIM | B20: hfss → Q | C20: TRIMMED | D20: =30-COUNTIF(HFSS_Q_TRIM!B5:G9,"待标注") -> 3 | E20: =COUNTIF(HFSS_Q_TRIM!B5:G9,"Branch") -> 0 | F20: =COUNTIF(HFSS_Q_TRIM!B5:G9,"Candidate") -> 0 | G20: =COUNTIF(HFSS_Q_TRIM!B5:G9,"Linear") -> 0 | H20: =COUNTIF(HFSS_Q_TRIM!B5:G9,"Acceleration") -> 0 | I20: =COUNTIF(HFSS_Q_TRIM!B5:G9,"Saturation") -> 0 | J20: =COUNTIF(HFSS_Q_TRIM!B5:G9,"Uncertain") -> 0 | K20: =COUNTIF(HFSS_Q_TRIM!B5:G9,"No branch") -> 3 | L20: =COUNTIF(HFSS_Q_TRIM!B5:G9,"待标注") -> 27
A21: P_ET_RAW | B21: P → ET | C21: RAW | D21: =30-COUNTIF(P_ET_RAW!B5:G9,"待标注") -> 2 | E21: =COUNTIF(P_ET_RAW!B5:G9,"Branch") -> 0 | F21: =COUNTIF(P_ET_RAW!B5:G9,"Candidate") -> 0 | G21: =COUNTIF(P_ET_RAW!B5:G9,"Linear") -> 0 | H21: =COUNTIF(P_ET_RAW!B5:G9,"Acceleration") -> 0 | I21: =COUNTIF(P_ET_RAW!B5:G9,"Saturation") -> 0 | J21: =COUNTIF(P_ET_RAW!B5:G9,"Uncertain") -> 0 | K21: =COUNTIF(P_ET_RAW!B5:G9,"No branch") -> 2 | L21: =COUNTIF(P_ET_RAW!B5:G9,"待标注") -> 28
A22: MRSOS_Q_TRIM | B22: mrsos → Q | C22: TRIMMED | D22: =30-COUNTIF(MRSOS_Q_TRIM!B5:G9,"待标注") -> 1 | E22: =COUNTIF(MRSOS_Q_TRIM!B5:G9,"Branch") -> 0 | F22: =COUNTIF(MRSOS_Q_TRIM!B5:G9,"Candidate") -> 0 | G22: =COUNTIF(MRSOS_Q_TRIM!B5:G9,"Linear") -> 0 | H22: =COUNTIF(MRSOS_Q_TRIM!B5:G9,"Acceleration") -> 0 | I22: =COUNTIF(MRSOS_Q_TRIM!B5:G9,"Saturation") -> 0 | J22: =COUNTIF(MRSOS_Q_TRIM!B5:G9,"Uncertain") -> 0 | K22: =COUNTIF(MRSOS_Q_TRIM!B5:G9,"No branch") -> 1 | L22: =COUNTIF(MRSOS_Q_TRIM!B5:G9,"待标注") -> 29
A23: RLUS_Q_RAW | B23: rlus → Q | C23: RAW | D23: =30-COUNTIF(RLUS_Q_RAW!B5:G9,"待标注") -> 5 | E23: =COUNTIF(RLUS_Q_RAW!B5:G9,"Branch") -> 0 | F23: =COUNTIF(RLUS_Q_RAW!B5:G9,"Candidate") -> 0 | G23: =COUNTIF(RLUS_Q_RAW!B5:G9,"Linear") -> 0 | H23: =COUNTIF(RLUS_Q_RAW!B5:G9,"Acceleration") -> 0 | I23: =COUNTIF(RLUS_Q_RAW!B5:G9,"Saturation") -> 0 | J23: =COUNTIF(RLUS_Q_RAW!B5:G9,"Uncertain") -> 0 | K23: =COUNTIF(RLUS_Q_RAW!B5:G9,"No branch") -> 5 | L23: =COUNTIF(RLUS_Q_RAW!B5:G9,"待标注") -> 25
A24: RLUS_Q_TRIM | B24: rlus → Q | C24: TRIMMED | D24: =30-COUNTIF(RLUS_Q_TRIM!B5:G9,"待标注") -> 4 | E24: =COUNTIF(RLUS_Q_TRIM!B5:G9,"Branch") -> 0 | F24: =COUNTIF(RLUS_Q_TRIM!B5:G9,"Candidate") -> 0 | G24: =COUNTIF(RLUS_Q_TRIM!B5:G9,"Linear") -> 0 | H24: =COUNTIF(RLUS_Q_TRIM!B5:G9,"Acceleration") -> 0 | I24: =COUNTIF(RLUS_Q_TRIM!B5:G9,"Saturation") -> 0 | J24: =COUNTIF(RLUS_Q_TRIM!B5:G9,"Uncertain") -> 0 | K24: =COUNTIF(RLUS_Q_TRIM!B5:G9,"No branch") -> 4 | L24: =COUNTIF(RLUS_Q_TRIM!B5:G9,"待标注") -> 26
A25: MRROS_Q_TRIM | B25: mrros → Q | C25: TRIMMED | D25: =30-COUNTIF(MRROS_Q_TRIM!B5:G9,"待标注") -> 3 | E25: =COUNTIF(MRROS_Q_TRIM!B5:G9,"Branch") -> 0 | F25: =COUNTIF(MRROS_Q_TRIM!B5:G9,"Candidate") -> 1 | G25: =COUNTIF(MRROS_Q_TRIM!B5:G9,"Linear") -> 0 | H25: =COUNTIF(MRROS_Q_TRIM!B5:G9,"Acceleration") -> 0 | I25: =COUNTIF(MRROS_Q_TRIM!B5:G9,"Saturation") -> 0 | J25: =COUNTIF(MRROS_Q_TRIM!B5:G9,"Uncertain") -> 2 | K25: =COUNTIF(MRROS_Q_TRIM!B5:G9,"No branch") -> 0 | L25: =COUNTIF(MRROS_Q_TRIM!B5:G9,"待标注") -> 27
A26: HFLS_Q_TRIM | B26: hfls → Q | C26: TRIMMED | D26: =30-COUNTIF(HFLS_Q_TRIM!B5:G9,"待标注") -> 2 | E26: =COUNTIF(HFLS_Q_TRIM!B5:G9,"Branch") -> 0 | F26: =COUNTIF(HFLS_Q_TRIM!B5:G9,"Candidate") -> 2 | G26: =COUNTIF(HFLS_Q_TRIM!B5:G9,"Linear") -> 0 | H26: =COUNTIF(HFLS_Q_TRIM!B5:G9,"Acceleration") -> 0 | I26: =COUNTIF(HFLS_Q_TRIM!B5:G9,"Saturation") -> 0 | J26: =COUNTIF(HFLS_Q_TRIM!B5:G9,"Uncertain") -> 0 | K26: =COUNTIF(HFLS_Q_TRIM!B5:G9,"No branch") -> 0 | L26: =COUNTIF(HFLS_Q_TRIM!B5:G9,"待标注") -> 28
A27: PRSN_Q_TRIM | B27: prsn → Q | C27: TRIMMED | D27: =30-COUNTIF(PRSN_Q_TRIM!B5:G9,"待标注") -> 4 | E27: =COUNTIF(PRSN_Q_TRIM!B5:G9,"Branch") -> 0 | F27: =COUNTIF(PRSN_Q_TRIM!B5:G9,"Candidate") -> 0 | G27: =COUNTIF(PRSN_Q_TRIM!B5:G9,"Linear") -> 0 | H27: =COUNTIF(PRSN_Q_TRIM!B5:G9,"Acceleration") -> 0 | I27: =COUNTIF(PRSN_Q_TRIM!B5:G9,"Saturation") -> 0 | J27: =COUNTIF(PRSN_Q_TRIM!B5:G9,"Uncertain") -> 4 | K27: =COUNTIF(PRSN_Q_TRIM!B5:G9,"No branch") -> 0 | L27: =COUNTIF(PRSN_Q_TRIM!B5:G9,"待标注") -> 26

Sheet P_Q_TRIM
A1: P → Q · TRIMMED · Manual labels
A2: 可直接修改 B5:G9；下拉菜单包含八类标签，颜色会随文字标签自动变化。
A4: Model | B4: All land | C4: Wet-warm (WW) | D4: Dry-warm (WD) | E4: Wet-cold (CW) | F4: Dry-cold (CD) | G4: Land ice (LI) | I4: Legend | J4: Meaning
A5: CESM2 | B5: No branch | C5: No branch | D5: No branch | E5: No branch | F5: No branch | G5: Branch | I5: Branch | J5: 明确分支
A6: CNRM-CM6-1 | B6: Uncertain | C6: No branch | D6: No branch | E6: No branch | F6: No branch | G6: No branch | I6: Candidate | J6: 局部/较弱分支
A7: CanESM5 | B7: Uncertain | C7: No branch | D7: No branch | E7: No branch | F7: No branch | G7: No branch | I7: Linear | J7: 近似线性响应
A8: GFDL-CM4 | B8: Uncertain | C8: No branch | D8: No branch | E8: No branch | F8: No branch | G8: Branch | I8: Acceleration | J8: 加速响应
A9: CMCC-CM2-SR5 | B9: No branch | C9: No branch | D9: No branch | E9: No branch | F9: No branch | G9: Branch | I9: Saturation | J9: 饱和响应
I10: Uncertain | J10: 尚需复核
I11: No branch | J11: 明确非分支
I12: 待标注 | J12: 无人工判断

Sheet P_Q_RAW
A1: P → Q · RAW · Manual labels
A2: 可直接修改 B5:G9；下拉菜单包含八类标签，颜色会随文字标签自动变化。
A4: Model | B4: All land | C4: Wet-warm (WW) | D4: Dry-warm (WD) | E4: Wet-cold (CW) | F4: Dry-cold (CD) | G4: Land ice (LI) | I4: Legend | J4: Meaning
A5: CESM2 | B5: 待标注 | C5: 待标注 | D5: 待标注 | E5: 待标注 | F5: 待标注 | G5: 待标注 | I5: Branch | J5: 明确分支
A6: CNRM-CM6-1 | B6: 待标注 | C6: 待标注 | D6: 待标注 | E6: 待标注 | F6: 待标注 | G6: 待标注 | I6: Candidate | J6: 局部/较弱分支
A7: CanESM5 | B7: No branch | C7: 待标注 | D7: 待标注 | E7: 待标注 | F7: 待标注 | G7: 待标注 | I7: Linear | J7: 近似线性响应
A8: GFDL-CM4 | B8: 待标注 | C8: 待标注 | D8: 待标注 | E8: 待标注 | F8: 待标注 | G8: Branch | I8: Acceleration | J8: 加速响应
A9: CMCC-CM2-SR5 | B9: 待标注 | C9: 待标注 | D9: 待标注 | E9: 待标注 | F9: 待标注 | G9: Branch | I9: Saturation | J9: 饱和响应
I10: Uncertain | J10: 尚需复核
I11: No branch | J11: 明确非分支
I12: 待标注 | J12: 无人工判断

Sheet ET_Q_RAW
A1: ET → Q · RAW · Manual labels
A2: 可直接修改 B5:G9；下拉菜单包含八类标签，颜色会随文字标签自动变化。
A4: Model | B4: All land | C4: Wet-warm (WW) | D4: Dry-warm (WD) | E4: Wet-cold (CW) | F4: Dry-cold (CD) | G4: Land ice (LI) | I4: Legend | J4: Meaning
A5: CESM2 | B5: 待标注 | C5: 待标注 | D5: 待标注 | E5: 待标注 | F5: No branch | G5: 待标注 | I5: Branch | J5: 明确分支
A6: CNRM-CM6-1 | B6: 待标注 | C6: 待标注 | D6: 待标注 | E6: 待标注 | F6: 待标注 | G6: 待标注 | I6: Candidate | J6: 局部/较弱分支
A7: CanESM5 | B7: 待标注 | C7: 待标注 | D7: 待标注 | E7: 待标注 | F7: 待标注 | G7: 待标注 | I7: Linear | J7: 近似线性响应
A8: GFDL-CM4 | B8: 待标注 | C8: 待标注 | D8: 待标注 | E8: 待标注 | F8: 待标注 | G8: 待标注 | I8: Acceleration | J8: 加速响应
A9: CMCC-CM2-SR5 | B9: 待标注 | C9: 待标注 | D9: 待标注 | E9: 待标注 | F9: 待标注 | G9: 待标注 | I9: Saturation | J9: 饱和响应
I10: Uncertain | J10: 尚需复核
I11: No branch | J11: 明确非分支
I12: 待标注 | J12: 无人工判断

Sheet RSDS_Q_RAW
A1: rsds → Q · RAW · Manual labels
A2: 可直接修改 B5:G9；下拉菜单包含八类标签，颜色会随文字标签自动变化。
A4: Model | B4: All land | C4: Wet-warm (WW) | D4: Dry-warm (WD) | E4: Wet-cold (CW) | F4: Dry-cold (CD) | G4: Land ice (LI) | I4: Legend | J4: Meaning
A5: CESM2 | B5: 待标注 | C5: No branch | D5: 待标注 | E5: 待标注 | F5: 待标注 | G5: 待标注 | I5: Branch | J5: 明确分支
A6: CNRM-CM6-1 | B6: 待标注 | C6: 待标注 | D6: 待标注 | E6: 待标注 | F6: 待标注 | G6: 待标注 | I6: Candidate | J6: 局部/较弱分支
A7: CanESM5 | B7: 待标注 | C7: 待标注 | D7: 待标注 | E7: 待标注 | F7: 待标注 | G7: 待标注 | I7: Linear | J7: 近似线性响应
A8: GFDL-CM4 | B8: 待标注 | C8: 待标注 | D8: 待标注 | E8: 待标注 | F8: 待标注 | G8: 待标注 | I8: Acceleration | J8: 加速响应
A9: CMCC-CM2-SR5 | B9: 待标注 | C9: 待标注 | D9: 待标注 | E9: 待标注 | F9: 待标注 | G9: 待标注 | I9: Saturation | J9: 饱和响应
I10: Uncertain | J10: 尚需复核
I11: No branch | J11: 明确非分支
I12: 待标注 | J12: 无人工判断

Sheet RLDS_Q_RAW
A1: rlds → Q · RAW · Manual labels
A2: 可直接修改 B5:G9；下拉菜单包含八类标签，颜色会随文字标签自动变化。
A4: Model | B4: All land | C4: Wet-warm (WW) | D4: Dry-warm (WD) | E4: Wet-cold (CW) | F4: Dry-cold (CD) | G4: Land ice (LI) | I4: Legend | J4: Meaning
A5: CESM2 | B5: 待标注 | C5: No branch | D5: 待标注 | E5: 待标注 | F5: 待标注 | G5: 待标注 | I5: Branch | J5: 明确分支
A6: CNRM-CM6-1 | B6: 待标注 | C6: 待标注 | D6: 待标注 | E6: 待标注 | F6: 待标注 | G6: 待标注 | I6: Candidate | J6: 局部/较弱分支
A7: CanESM5 | B7: 待标注 | C7: 待标注 | D7: 待标注 | E7: 待标注 | F7: 待标注 | G7: 待标注 | I7: Linear | J7: 近似线性响应
A8: GFDL-CM4 | B8: 待标注 | C8: 待标注 | D8: 待标注 | E8: 待标注 | F8: 待标注 | G8: 待标注 | I8: Acceleration | J8: 加速响应
A9: CMCC-CM2-SR5 | B9: 待标注 | C9: 待标注 | D9: 待标注 | E9: 待标注 | F9: 待标注 | G9: 待标注 | I9: Saturation | J9: 饱和响应
I10: Uncertain | J10: 尚需复核
I11: No branch | J11: 明确非分支
I12: 待标注 | J12: 无人工判断

Sheet HFLS_Q_RAW
A1: hfls → Q · RAW · Manual labels
A2: 可直接修改 B5:G9；下拉菜单包含八类标签，颜色会随文字标签自动变化。
A4: Model | B4: All land | C4: Wet-warm (WW) | D4: Dry-warm (WD) | E4: Wet-cold (CW) | F4: Dry-cold (CD) | G4: Land ice (LI) | I4: Legend | J4: Meaning
A5: CESM2 | B5: No branch | C5: 待标注 | D5: 待标注 | E5: 待标注 | F5: 待标注 | G5: 待标注 | I5: Branch | J5: 明确分支
A6: CNRM-CM6-1 | B6: 待标注 | C6: 待标注 | D6: 待标注 | E6: 待标注 | F6: 待标注 | G6: 待标注 | I6: Candidate | J6: 局部/较弱分支
A7: CanESM5 | B7: 待标注 | C7: 待标注 | D7: 待标注 | E7: 待标注 | F7: 待标注 | G7: 待标注 | I7: Linear | J7: 近似线性响应
A8: GFDL-CM4 | B8: 待标注 | C8: 待标注 | D8: 待标注 | E8: 待标注 | F8: 待标注 | G8: 待标注 | I8: Acceleration | J8: 加速响应
A9: CMCC-CM2-SR5 | B9: 待标注 | C9: 待标注 | D9: 待标注 | E9: 待标注 | F9: 待标注 | G9: 待标注 | I9: Saturation | J9: 饱和响应
I10: Uncertain | J10: 尚需复核
I11: No branch | J11: 明确非分支
I12: 待标注 | J12: 无人工判断

Sheet HFSS_Q_RAW
A1: hfss → Q · RAW · Manual labels
A2: 可直接修改 B5:G9；下拉菜单包含八类标签，颜色会随文字标签自动变化。
A4: Model | B4: All land | C4: Wet-warm (WW) | D4: Dry-warm (WD) | E4: Wet-cold (CW) | F4: Dry-cold (CD) | G4: Land ice (LI) | I4: Legend | J4: Meaning
A5: CESM2 | B5: 待标注 | C5: 待标注 | D5: No branch | E5: 待标注 | F5: 待标注 | G5: 待标注 | I5: Branch | J5: 明确分支
A6: CNRM-CM6-1 | B6: 待标注 | C6: 待标注 | D6: 待标注 | E6: 待标注 | F6: 待标注 | G6: 待标注 | I6: Candidate | J6: 局部/较弱分支
A7: CanESM5 | B7: 待标注 | C7: 待标注 | D7: 待标注 | E7: 待标注 | F7: 待标注 | G7: 待标注 | I7: Linear | J7: 近似线性响应
A8: GFDL-CM4 | B8: 待标注 | C8: 待标注 | D8: 待标注 | E8: 待标注 | F8: 待标注 | G8: 待标注 | I8: Acceleration | J8: 加速响应
A9: CMCC-CM2-SR5 | B9: 待标注 | C9: 待标注 | D9: 待标注 | E9: 待标注 | F9: 待标注 | G9: 待标注 | I9: Saturation | J9: 饱和响应
I10: Uncertain | J10: 尚需复核
I11: No branch | J11: 明确非分支
I12: 待标注 | J12: 无人工判断

Sheet HFSS_Q_TRIM
A1: hfss → Q · TRIMMED · Manual labels
A2: 可直接修改 B5:G9；下拉菜单包含八类标签，颜色会随文字标签自动变化。
A4: Model | B4: All land | C4: Wet-warm (WW) | D4: Dry-warm (WD) | E4: Wet-cold (CW) | F4: Dry-cold (CD) | G4: Land ice (LI) | I4: Legend | J4: Meaning
A5: CESM2 | B5: 待标注 | C5: 待标注 | D5: No branch | E5: 待标注 | F5: 待标注 | G5: No branch | I5: Branch | J5: 明确分支
A6: CNRM-CM6-1 | B6: 待标注 | C6: 待标注 | D6: 待标注 | E6: 待标注 | F6: 待标注 | G6: 待标注 | I6: Candidate | J6: 局部/较弱分支
A7: CanESM5 | B7: 待标注 | C7: 待标注 | D7: 待标注 | E7: 待标注 | F7: 待标注 | G7: 待标注 | I7: Linear | J7: 近似线性响应
A8: GFDL-CM4 | B8: 待标注 | C8: 待标注 | D8: 待标注 | E8: 待标注 | F8: 待标注 | G8: No branch | I8: Acceleration | J8: 加速响应
A9: CMCC-CM2-SR5 | B9: 待标注 | C9: 待标注 | D9: 待标注 | E9: 待标注 | F9: 待标注 | G9: 待标注 | I9: Saturation | J9: 饱和响应
I10: Uncertain | J10: 尚需复核
I11: No branch | J11: 明确非分支
I12: 待标注 | J12: 无人工判断

Sheet P_ET_RAW
A1: P → ET · RAW · Manual labels
A2: 可直接修改 B5:G9；下拉菜单包含八类标签，颜色会随文字标签自动变化。
A4: Model | B4: All land | C4: Wet-warm (WW) | D4: Dry-warm (WD) | E4: Wet-cold (CW) | F4: Dry-cold (CD) | G4: Land ice (LI) | I4: Legend | J4: Meaning
A5: CESM2 | B5: 待标注 | C5: 待标注 | D5: 待标注 | E5: 待标注 | F5: 待标注 | G5: No branch | I5: Branch | J5: 明确分支
A6: CNRM-CM6-1 | B6: 待标注 | C6: 待标注 | D6: 待标注 | E6: 待标注 | F6: 待标注 | G6: 待标注 | I6: Candidate | J6: 局部/较弱分支
A7: CanESM5 | B7: 待标注 | C7: 待标注 | D7: 待标注 | E7: 待标注 | F7: 待标注 | G7: 待标注 | I7: Linear | J7: 近似线性响应
A8: GFDL-CM4 | B8: 待标注 | C8: 待标注 | D8: 待标注 | E8: 待标注 | F8: 待标注 | G8: 待标注 | I8: Acceleration | J8: 加速响应
A9: CMCC-CM2-SR5 | B9: 待标注 | C9: 待标注 | D9: 待标注 | E9: 待标注 | F9: 待标注 | G9: No branch | I9: Saturation | J9: 饱和响应
I10: Uncertain | J10: 尚需复核
I11: No branch | J11: 明确非分支
I12: 待标注 | J12: 无人工判断

Sheet MRSOS_Q_TRIM
A1: mrsos → Q · TRIMMED · Manual labels
A2: 可直接修改 B5:G9；下拉菜单包含八类标签，颜色会随文字标签自动变化。
A4: Model | B4: All land | C4: Wet-warm (WW) | D4: Dry-warm (WD) | E4: Wet-cold (CW) | F4: Dry-cold (CD) | G4: Land ice (LI) | I4: Legend | J4: Meaning
A5: CESM2 | B5: 待标注 | C5: 待标注 | D5: 待标注 | E5: 待标注 | F5: 待标注 | G5: 待标注 | I5: Branch | J5: 明确分支
A6: CNRM-CM6-1 | B6: 待标注 | C6: 待标注 | D6: 待标注 | E6: 待标注 | F6: 待标注 | G6: 待标注 | I6: Candidate | J6: 局部/较弱分支
A7: CanESM5 | B7: 待标注 | C7: 待标注 | D7: 待标注 | E7: 待标注 | F7: 待标注 | G7: 待标注 | I7: Linear | J7: 近似线性响应
A8: GFDL-CM4 | B8: 待标注 | C8: 待标注 | D8: 待标注 | E8: 待标注 | F8: 待标注 | G8: 待标注 | I8: Acceleration | J8: 加速响应
A9: CMCC-CM2-SR5 | B9: 待标注 | C9: 待标注 | D9: 待标注 | E9: 待标注 | F9: 待标注 | G9: No branch | I9: Saturation | J9: 饱和响应
I10: Uncertain | J10: 尚需复核
I11: No branch | J11: 明确非分支
I12: 待标注 | J12: 无人工判断

Sheet RLUS_Q_RAW
A1: rlus → Q · RAW · Manual labels
A2: 可直接修改 B5:G9；下拉菜单包含八类标签，颜色会随文字标签自动变化。
A4: Model | B4: All land | C4: Wet-warm (WW) | D4: Dry-warm (WD) | E4: Wet-cold (CW) | F4: Dry-cold (CD) | G4: Land ice (LI) | I4: Legend | J4: Meaning
A5: CESM2 | B5: 待标注 | C5: 待标注 | D5: 待标注 | E5: 待标注 | F5: 待标注 | G5: No branch | I5: Branch | J5: 明确分支
A6: CNRM-CM6-1 | B6: 待标注 | C6: 待标注 | D6: 待标注 | E6: 待标注 | F6: 待标注 | G6: 待标注 | I6: Candidate | J6: 局部/较弱分支
A7: CanESM5 | B7: 待标注 | C7: 待标注 | D7: 待标注 | E7: 待标注 | F7: 待标注 | G7: 待标注 | I7: Linear | J7: 近似线性响应
A8: GFDL-CM4 | B8: No branch | C8: 待标注 | D8: No branch | E8: 待标注 | F8: 待标注 | G8: No branch | I8: Acceleration | J8: 加速响应
A9: CMCC-CM2-SR5 | B9: 待标注 | C9: No branch | D9: 待标注 | E9: 待标注 | F9: 待标注 | G9: 待标注 | I9: Saturation | J9: 饱和响应
I10: Uncertain | J10: 尚需复核
I11: No branch | J11: 明确非分支
I12: 待标注 | J12: 无人工判断

Sheet RLUS_Q_TRIM
A1: rlus → Q · TRIMMED · Manual labels
A2: 可直接修改 B5:G9；下拉菜单包含八类标签，颜色会随文字标签自动变化。
A4: Model | B4: All land | C4: Wet-warm (WW) | D4: Dry-warm (WD) | E4: Wet-cold (CW) | F4: Dry-cold (CD) | G4: Land ice (LI) | I4: Legend | J4: Meaning
A5: CESM2 | B5: No branch | C5: 待标注 | D5: 待标注 | E5: 待标注 | F5: 待标注 | G5: No branch | I5: Branch | J5: 明确分支
A6: CNRM-CM6-1 | B6: 待标注 | C6: 待标注 | D6: 待标注 | E6: 待标注 | F6: 待标注 | G6: 待标注 | I6: Candidate | J6: 局部/较弱分支
A7: CanESM5 | B7: 待标注 | C7: 待标注 | D7: 待标注 | E7: 待标注 | F7: 待标注 | G7: 待标注 | I7: Linear | J7: 近似线性响应
A8: GFDL-CM4 | B8: No branch | C8: 待标注 | D8: 待标注 | E8: 待标注 | F8: 待标注 | G8: 待标注 | I8: Acceleration | J8: 加速响应
A9: CMCC-CM2-SR5 | B9: 待标注 | C9: No branch | D9: 待标注 | E9: 待标注 | F9: 待标注 | G9: 待标注 | I9: Saturation | J9: 饱和响应
I10: Uncertain | J10: 尚需复核
I11: No branch | J11: 明确非分支
I12: 待标注 | J12: 无人工判断

Sheet MRROS_Q_TRIM
A1: mrros → Q · TRIMMED · Manual labels
A2: 可直接修改 B5:G9；下拉菜单包含八类标签，颜色会随文字标签自动变化。
A4: Model | B4: All land | C4: Wet-warm (WW) | D4: Dry-warm (WD) | E4: Wet-cold (CW) | F4: Dry-cold (CD) | G4: Land ice (LI) | I4: Legend | J4: Meaning
A5: CESM2 | B5: 待标注 | C5: 待标注 | D5: Uncertain | E5: 待标注 | F5: 待标注 | G5: Uncertain | I5: Branch | J5: 明确分支
A6: CNRM-CM6-1 | B6: 待标注 | C6: 待标注 | D6: 待标注 | E6: 待标注 | F6: 待标注 | G6: 待标注 | I6: Candidate | J6: 局部/较弱分支
A7: CanESM5 | B7: 待标注 | C7: 待标注 | D7: 待标注 | E7: Candidate | F7: 待标注 | G7: 待标注 | I7: Linear | J7: 近似线性响应
A8: GFDL-CM4 | B8: 待标注 | C8: 待标注 | D8: 待标注 | E8: 待标注 | F8: 待标注 | G8: 待标注 | I8: Acceleration | J8: 加速响应
A9: CMCC-CM2-SR5 | B9: 待标注 | C9: 待标注 | D9: 待标注 | E9: 待标注 | F9: 待标注 | G9: 待标注 | I9: Saturation | J9: 饱和响应
I10: Uncertain | J10: 尚需复核
I11: No branch | J11: 明确非分支
I12: 待标注 | J12: 无人工判断

Sheet HFLS_Q_TRIM
A1: hfls → Q · TRIMMED · Manual labels
A2: 可直接修改 B5:G9；下拉菜单包含八类标签，颜色会随文字标签自动变化。
A4: Model | B4: All land | C4: Wet-warm (WW) | D4: Dry-warm (WD) | E4: Wet-cold (CW) | F4: Dry-cold (CD) | G4: Land ice (LI) | I4: Legend | J4: Meaning
A5: CESM2 | B5: 待标注 | C5: 待标注 | D5: 待标注 | E5: 待标注 | F5: 待标注 | G5: Candidate | I5: Branch | J5: 明确分支
A6: CNRM-CM6-1 | B6: 待标注 | C6: 待标注 | D6: 待标注 | E6: 待标注 | F6: 待标注 | G6: 待标注 | I6: Candidate | J6: 局部/较弱分支
A7: CanESM5 | B7: 待标注 | C7: 待标注 | D7: 待标注 | E7: 待标注 | F7: 待标注 | G7: 待标注 | I7: Linear | J7: 近似线性响应
A8: GFDL-CM4 | B8: 待标注 | C8: 待标注 | D8: 待标注 | E8: 待标注 | F8: 待标注 | G8: Candidate | I8: Acceleration | J8: 加速响应
A9: CMCC-CM2-SR5 | B9: 待标注 | C9: 待标注 | D9: 待标注 | E9: 待标注 | F9: 待标注 | G9: 待标注 | I9: Saturation | J9: 饱和响应
I10: Uncertain | J10: 尚需复核
I11: No branch | J11: 明确非分支
I12: 待标注 | J12: 无人工判断

Sheet PRSN_Q_TRIM
A1: prsn → Q · TRIMMED · Manual labels
A2: 可直接修改 B5:G9；下拉菜单包含八类标签，颜色会随文字标签自动变化。
A4: Model | B4: All land | C4: Wet-warm (WW) | D4: Dry-warm (WD) | E4: Wet-cold (CW) | F4: Dry-cold (CD) | G4: Land ice (LI) | I4: Legend | J4: Meaning
A5: CESM2 | B5: Uncertain | C5: 待标注 | D5: 待标注 | E5: 待标注 | F5: 待标注 | G5: 待标注 | I5: Branch | J5: 明确分支
A6: CNRM-CM6-1 | B6: 待标注 | C6: 待标注 | D6: 待标注 | E6: 待标注 | F6: 待标注 | G6: 待标注 | I6: Candidate | J6: 局部/较弱分支
A7: CanESM5 | B7: 待标注 | C7: 待标注 | D7: 待标注 | E7: 待标注 | F7: 待标注 | G7: 待标注 | I7: Linear | J7: 近似线性响应
A8: GFDL-CM4 | B8: Uncertain | C8: 待标注 | D8: 待标注 | E8: 待标注 | F8: 待标注 | G8: Uncertain | I8: Acceleration | J8: 加速响应
A9: CMCC-CM2-SR5 | B9: 待标注 | C9: 待标注 | D9: 待标注 | E9: 待标注 | F9: 待标注 | G9: Uncertain | I9: Saturation | J9: 饱和响应
I10: Uncertain | J10: 尚需复核
I11: No branch | J11: 明确非分支
I12: 待标注 | J12: 无人工判断

Sheet Label_Log
A1: Manual Label Log
A2: 每行是一条已有人工作出判断的记录；矩阵中的“待标注”不写入此表。Confidence 表示本次整理时的确定程度。
A4: Pair | B4: Version | C4: Model | D4: Domain | E4: Coordinate | F4: Manual label | G4: Confidence | H4: Basis / note
A5: P → Q | B5: TRIMMED | C5: CESM2 | D5: all_land | E5: (1,1) | F5: No branch | G5: Medium | H5: 整理自既有人工参考。
A6: P → Q | B6: TRIMMED | C6: CESM2 | D6: WW | E6: (1,2) | F6: No branch | G6: Medium | H6: 旧双带类别已移除；按当前判定体系归入 No branch。
A7: P → Q | B7: TRIMMED | C7: CESM2 | D7: WD | E7: (1,3) | F7: No branch | G7: Medium | H7: 整理自既有人工参考。
A8: P → Q | B8: TRIMMED | C8: CESM2 | D8: CW | E8: (1,4) | F8: No branch | G8: High | H8: 用户明确认为应为 No branch。
A9: P → Q | B9: TRIMMED | C9: CESM2 | D9: CD | E9: (1,5) | F9: No branch | G9: Medium | H9: 整理自既有人工参考。
A10: P → Q | B10: TRIMMED | C10: CESM2 | D10: LI | E10: (1,6) | F10: Branch | G10: High | H10: 用户明确确认的 Branch（1,6）。
A11: P → Q | B11: TRIMMED | C11: CNRM-CM6-1 | D11: all_land | E11: (2,1) | F11: Uncertain | G11: Low | H11: 后期红框与早期判断存在冲突，保留 Uncertain。
A12: P → Q | B12: TRIMMED | C12: CNRM-CM6-1 | D12: WW | E12: (2,2) | F12: No branch | G12: Medium | H12: 整理自既有人工参考。
A13: P → Q | B13: TRIMMED | C13: CNRM-CM6-1 | D13: WD | E13: (2,3) | F13: No branch | G13: Medium | H13: 整理自既有人工参考。
A14: P → Q | B14: TRIMMED | C14: CNRM-CM6-1 | D14: CW | E14: (2,4) | F14: No branch | G14: Medium | H14: 整理自既有人工参考。
A15: P → Q | B15: TRIMMED | C15: CNRM-CM6-1 | D15: CD | E15: (2,5) | F15: No branch | G15: Medium | H15: 整理自既有人工参考。
... A66: prsn → Q | B66: TRIMMED | C66: CMCC-CM2-SR5 | D66: LI | E66: (5,6) | F66: Uncertain | G66: Low | H66: 用户红框指出可能是漏检 Branch，尚未最终确认。
